{"cameraMode":{"drawMode":0,"name":"Shaded","section":"Shading Mode"},"sceneLighting":false,"audioPlay":false,"sceneViewState":{"m_AlwaysRefresh":false,"showFog":true,"showSkybox":false,"showFlares":true,"showImageEffects":true,"showParticleSystems":true,"showVisualEffectGraphs":true,"m_FxEnabled":true},"in2DMode":false,"pivot":{"x":-0.05420637130737305,"y":3.1837289333343508,"z":0.10027599334716797},"rotation":{"x":-0.01568717323243618,"y":-0.9792124629020691,"z":0.08485297858715058,"w":-0.18412432074546815},"size":6.3160295486450199,"orthographic":false}