{"cameraMode":{"drawMode":0,"name":"Shaded","section":"Shading Mode"},"sceneLighting":true,"audioPlay":false,"sceneViewState":{"m_AlwaysRefresh":false,"showFog":true,"showSkybox":true,"showFlares":true,"showImageEffects":true,"showParticleSystems":true,"showVisualEffectGraphs":true,"m_FxEnabled":true},"in2DMode":false,"pivot":{"x":137.00601196289063,"y":-71.79876708984375,"z":72.34101104736328},"rotation":{"x":0.16740772128105164,"y":0.8017935156822205,"z":-0.5098371505737305,"w":0.26317787170410159},"size":147.30978393554688,"orthographic":false}