{"cameraMode":{"drawMode":0,"name":"Shaded","section":"Shading Mode"},"sceneLighting":true,"audioPlay":false,"sceneViewState":{"m_AlwaysRefresh":false,"showFog":true,"showSkybox":true,"showFlares":true,"showImageEffects":true,"showParticleSystems":true,"showVisualEffectGraphs":true,"m_FxEnabled":true},"in2DMode":false,"pivot":{"x":0.8074722290039063,"y":0.27836987376213076,"z":1.8559678792953492},"rotation":{"x":-0.24539496004581452,"y":0.746867835521698,"z":-0.3705013394355774,"w":-0.49468037486076357},"size":3.6066622734069826,"orthographic":false}