{"cameraMode":{"drawMode":0,"name":"Shaded","section":"Shading Mode"},"sceneLighting":true,"audioPlay":false,"sceneViewState":{"m_AlwaysRefresh":false,"showFog":true,"showSkybox":true,"showFlares":true,"showImageEffects":true,"showParticleSystems":true,"showVisualEffectGraphs":true,"m_FxEnabled":true},"in2DMode":false,"pivot":{"x":1.5267372131347657,"y":0.8279998302459717,"z":2.7687594890594484},"rotation":{"x":0.25939664244651797,"y":0.6547947525978088,"z":-0.2566104829311371,"w":0.6619032025337219},"size":2.6395866870880129,"orthographic":false}