{"cameraMode":{"drawMode":0,"name":"Shaded","section":"Shading Mode"},"sceneLighting":true,"audioPlay":false,"sceneViewState":{"m_AlwaysRefresh":false,"showFog":true,"showSkybox":true,"showFlares":true,"showImageEffects":true,"showParticleSystems":true,"showVisualEffectGraphs":true,"m_FxEnabled":true},"in2DMode":false,"pivot":{"x":-25.181354522705079,"y":-0.054526329040527347,"z":17.331836700439454},"rotation":{"x":0.09023816883563996,"y":-0.21301153302192689,"z":0.019256602972745897,"w":0.9728032350540161},"size":14.684395790100098,"orthographic":false}