{"cameraMode":{"drawMode":0,"name":"Shaded","section":"Shading Mode"},"sceneLighting":true,"audioPlay":false,"sceneViewState":{"m_AlwaysRefresh":false,"showFog":true,"showSkybox":true,"showFlares":true,"showImageEffects":true,"showParticleSystems":true,"showVisualEffectGraphs":true,"m_FxEnabled":true},"in2DMode":false,"pivot":{"x":-11.516040802001954,"y":4.768092632293701,"z":4.319801330566406},"rotation":{"x":-0.09671081602573395,"y":-0.02342894673347473,"z":0.002734217094257474,"w":-0.9951429963111877},"size":0.11067888140678406,"orthographic":false}