{"cameraMode":{"drawMode":0,"name":"Shaded","section":"Shading Mode"},"sceneLighting":true,"audioPlay":false,"sceneViewState":{"m_AlwaysRefresh":false,"showFog":true,"showSkybox":true,"showFlares":true,"showImageEffects":true,"showParticleSystems":true,"showVisualEffectGraphs":true,"m_FxEnabled":true},"in2DMode":false,"pivot":{"x":-11.55009937286377,"y":4.726263523101807,"z":3.8998866081237795},"rotation":{"x":-0.011803479865193367,"y":0.9793124198913574,"z":-0.19430212676525117,"w":-0.05715292692184448},"size":0.11057887971401215,"orthographic":false}