{"cameraMode":{"drawMode":0,"name":"Shaded","section":"Shading Mode"},"sceneLighting":true,"audioPlay":false,"sceneViewState":{"m_AlwaysRefresh":false,"showFog":true,"showSkybox":true,"showFlares":true,"showImageEffects":true,"showParticleSystems":true,"showVisualEffectGraphs":true,"m_FxEnabled":true},"in2DMode":false,"pivot":{"x":-54.332515716552737,"y":6.345540523529053,"z":-56.50008010864258},"rotation":{"x":-0.015754185616970063,"y":-0.9300949573516846,"z":-0.04020136594772339,"w":0.36481720209121706},"size":29.89793586730957,"orthographic":false}