{"cameraMode":{"drawMode":0,"name":"Shaded","section":"Shading Mode"},"sceneLighting":true,"audioPlay":false,"sceneViewState":{"m_AlwaysRefresh":false,"showFog":true,"showSkybox":true,"showFlares":true,"showImageEffects":true,"showParticleSystems":true,"showVisualEffectGraphs":true,"m_FxEnabled":true},"in2DMode":false,"pivot":{"x":-31.238542556762697,"y":36.993011474609378,"z":41.51029968261719},"rotation":{"x":-0.037326630204916,"y":-0.9157665371894836,"z":0.3903267979621887,"w":-0.0881214365363121},"size":0.0022495798766613008,"orthographic":false}