{"cameraMode":{"drawMode":0,"name":"Shaded","section":"Shading Mode"},"sceneLighting":true,"audioPlay":false,"sceneViewState":{"m_AlwaysRefresh":false,"showFog":true,"showSkybox":true,"showFlares":true,"showImageEffects":true,"showParticleSystems":true,"showVisualEffectGraphs":true,"m_FxEnabled":true},"in2DMode":false,"pivot":{"x":-16.512657165527345,"y":23.328588485717775,"z":18.942813873291017},"rotation":{"x":-0.017150940373539926,"y":-0.9826608896255493,"z":0.12689614295959474,"w":-0.1348472386598587},"size":24.445955276489259,"orthographic":false}