{"cameraMode":{"drawMode":0,"name":"Shaded","section":"Shading Mode"},"sceneLighting":false,"audioPlay":false,"sceneViewState":{"m_AlwaysRefresh":false,"showFog":true,"showSkybox":false,"showFlares":true,"showImageEffects":true,"showParticleSystems":true,"showVisualEffectGraphs":true,"m_FxEnabled":true},"in2DMode":false,"pivot":{"x":0.6108083724975586,"y":7.993264675140381,"z":0.7849302291870117},"rotation":{"x":0.0974232405424118,"y":0.8785300254821777,"z":-0.20331557095050813,"w":0.42128074169158938},"size":10.437889099121094,"orthographic":false}