{"cameraMode":{"drawMode":0,"name":"Shaded","section":"Shading Mode"},"sceneLighting":false,"audioPlay":false,"sceneViewState":{"m_AlwaysRefresh":false,"showFog":true,"showSkybox":false,"showFlares":true,"showImageEffects":true,"showParticleSystems":true,"showVisualEffectGraphs":true,"m_FxEnabled":true},"in2DMode":false,"pivot":{"x":-0.3393210172653198,"y":0.07174806296825409,"z":0.9987987279891968},"rotation":{"x":-0.16710802912712098,"y":0.8296874165534973,"z":-0.33313924074172976,"w":-0.4157460331916809},"size":1.0202912092208863,"orthographic":false}