{"cameraMode":{"drawMode":0,"name":"Shaded","section":"Shading Mode"},"sceneLighting":false,"audioPlay":false,"sceneViewState":{"m_AlwaysRefresh":false,"showFog":true,"showSkybox":false,"showFlares":true,"showImageEffects":true,"showParticleSystems":true,"showVisualEffectGraphs":true,"m_FxEnabled":true},"in2DMode":false,"pivot":{"x":-0.2305673360824585,"y":0.3925953507423401,"z":-0.007332921028137207},"rotation":{"x":0.25617578625679018,"y":0.49066317081451418,"z":-0.1535770297050476,"w":0.8185716271400452},"size":0.9154574275016785,"orthographic":false}